{"cameraMode":{"drawMode":0,"name":"Shaded","section":"Shading Mode"},"sceneLighting":false,"audioPlay":false,"sceneViewState":{"showFog":true,"showMaterialUpdate":true,"showSkybox":true,"showFlares":true,"showImageEffects":true,"showParticleSystems":true},"in2DMode":false,"pivot":{"x":21.0986328125,"y":-997.533203125,"z":-19.96484375},"rotation":{"x":0.32233935594558718,"y":0.16607600450515748,"z":-0.05749776214361191,"w":0.9301667213439941},"size":26.056541442871095,"orthographic":true}