{"cameraMode":{"drawMode":0,"name":"Shaded","section":"Shading Mode"},"sceneLighting":false,"audioPlay":false,"sceneViewState":{"showFog":true,"showMaterialUpdate":false,"showSkybox":true,"showFlares":true,"showImageEffects":true,"showParticleSystems":true},"in2DMode":false,"pivot":{"x":-312.67816162109377,"y":-888.0,"z":-226.21292114257813},"rotation":{"x":0.5173288583755493,"y":-0.02053317055106163,"z":0.012418825179338456,"w":0.8554502129554749},"size":537.7130737304688,"orthographic":true}