{"cameraMode":{"drawMode":0,"name":"Shaded","section":"Shading Mode"},"sceneLighting":false,"audioPlay":false,"sceneViewState":{"showFog":true,"showMaterialUpdate":false,"showSkybox":true,"showFlares":true,"showImageEffects":true,"showParticleSystems":true},"in2DMode":false,"pivot":{"x":7.000001907348633,"y":4.014622688293457,"z":-9.5367431640625e-7},"rotation":{"x":0.7310259938240051,"y":-0.008187389001250267,"z":0.008770535700023175,"w":0.682244062423706},"size":69.60888671875,"orthographic":true}