{"cameraMode":{"drawMode":0,"name":"Shaded","section":"Shading Mode"},"sceneLighting":false,"audioPlay":false,"sceneViewState":{"showFog":true,"showMaterialUpdate":true,"showSkybox":true,"showFlares":true,"showImageEffects":true,"showParticleSystems":true},"in2DMode":false,"pivot":{"x":-4.76837158203125e-7,"y":0.00003656744956970215,"z":0.00001430511474609375},"rotation":{"x":0.17088723182678224,"y":0.3460541367530823,"z":-0.06420552730560303,"w":0.9202834963798523},"size":41.87400436401367,"orthographic":true}