{"cameraMode":{"drawMode":0,"name":"Shaded","section":"Shading Mode"},"sceneLighting":false,"audioPlay":false,"sceneViewState":{"showFog":true,"showMaterialUpdate":true,"showSkybox":true,"showFlares":true,"showImageEffects":true,"showParticleSystems":true},"in2DMode":false,"pivot":{"x":6.998763561248779,"y":-1017.0,"z":-24.90397834777832},"rotation":{"x":0.05011685937643051,"y":0.6139782667160034,"z":-0.03905441239476204,"w":0.7867615818977356},"size":34.83036422729492,"orthographic":true}