{"cameraMode":{"drawMode":0,"name":"Shaded","section":"Shading Mode"},"sceneLighting":false,"audioPlay":false,"sceneViewState":{"showFog":true,"showMaterialUpdate":false,"showSkybox":true,"showFlares":true,"showImageEffects":true,"showParticleSystems":true},"in2DMode":false,"pivot":{"x":2.9802322387695315e-8,"y":0.9527425765991211,"z":-5.960464477539063e-8},"rotation":{"x":-0.021039482206106187,"y":0.9644257426261902,"z":-0.2507845163345337,"w":-0.0809166207909584},"size":18.91181755065918,"orthographic":true}