{"cameraMode":{"drawMode":0,"name":"Shaded","section":"Shading Mode"},"sceneLighting":false,"audioPlay":false,"sceneViewState":{"showFog":true,"showMaterialUpdate":true,"showSkybox":true,"showFlares":true,"showImageEffects":true,"showParticleSystems":true},"in2DMode":false,"pivot":{"x":0.3012356758117676,"y":127.29998779296875,"z":-46.19599914550781},"rotation":{"x":-0.11745038628578186,"y":-0.7935557961463928,"z":0.16214977204799653,"w":-0.5746147632598877},"size":3.402735471725464,"orthographic":true}