{"cameraMode":{"drawMode":0,"name":"Shaded","section":"Shading Mode"},"sceneLighting":false,"audioPlay":false,"sceneViewState":{"showFog":true,"showMaterialUpdate":true,"showSkybox":true,"showFlares":true,"showImageEffects":true,"showParticleSystems":true},"in2DMode":false,"pivot":{"x":744.502197265625,"y":-1017.0,"z":155.09027099609376},"rotation":{"x":-0.1181308776140213,"y":-0.7615573406219482,"z":0.14492787420749665,"w":-0.6205413341522217},"size":3053.70556640625,"orthographic":true}