{"cameraMode":{"drawMode":0,"name":"Shaded","section":"Shading Mode"},"sceneLighting":false,"audioPlay":false,"sceneViewState":{"showFog":true,"showMaterialUpdate":false,"showSkybox":true,"showFlares":true,"showImageEffects":true,"showParticleSystems":true},"in2DMode":false,"pivot":{"x":-312.67816162109377,"y":-888.0,"z":-226.21292114257813},"rotation":{"x":0.2195940762758255,"y":-0.0043888273648917679,"z":0.0009892008965834976,"w":0.9755809903144836},"size":317.0699768066406,"orthographic":true}