{"cameraMode":{"drawMode":0,"name":"Shaded","section":"Shading Mode"},"sceneLighting":false,"audioPlay":false,"sceneViewState":{"showFog":true,"showMaterialUpdate":true,"showSkybox":true,"showFlares":true,"showImageEffects":true,"showParticleSystems":true},"in2DMode":false,"pivot":{"x":0.3012356758117676,"y":127.29998779296875,"z":-46.19599914550781},"rotation":{"x":-0.1181308776140213,"y":-0.7615573406219482,"z":0.14492787420749665,"w":-0.6205413341522217},"size":3.402735471725464,"orthographic":true}